,split0_test_rmse,rank_test_rmse,params,param_k,0,0
0,1.7674407661507894,186,"{'bsl_options': {'method': 'als', 'n_epochs': 10}, 'k': 3, 'sim_options': {'name': 'cosine', 'min_support': 1, 'user_based': True}}",3,"{'method': 'als', 'n_epochs': 10}","{'name': 'cosine', 'min_support': 1, 'user_based': True}"
1,1.73222429856297,129,"{'bsl_options': {'method': 'als', 'n_epochs': 10}, 'k': 3, 'sim_options': {'name': 'cosine', 'min_support': 1, 'user_based': False}}",3,"{'method': 'als', 'n_epochs': 10}","{'name': 'cosine', 'min_support': 1, 'user_based': False}"
2,1.8070578793796364,251,"{'bsl_options': {'method': 'als', 'n_epochs': 10}, 'k': 3, 'sim_options': {'name': 'cosine', 'min_support': 3, 'user_based': True}}",3,"{'method': 'als', 'n_epochs': 10}","{'name': 'cosine', 'min_support': 3, 'user_based': True}"
3,1.7237833950125494,116,"{'bsl_options': {'method': 'als', 'n_epochs': 10}, 'k': 3, 'sim_options': {'name': 'cosine', 'min_support': 3, 'user_based': False}}",3,"{'method': 'als', 'n_epochs': 10}","{'name': 'cosine', 'min_support': 3, 'user_based': False}"
4,1.7634036589059374,190,"{'bsl_options': {'method': 'als', 'n_epochs': 10}, 'k': 3, 'sim_options': {'name': 'msd', 'min_support': 1, 'user_based': True}}",3,"{'method': 'als', 'n_epochs': 10}","{'name': 'msd', 'min_support': 1, 'user_based': True}"
5,1.7384387898665274,148,"{'bsl_options': {'method': 'als', 'n_epochs': 10}, 'k': 3, 'sim_options': {'name': 'msd', 'min_support': 1, 'user_based': False}}",3,"{'method': 'als', 'n_epochs': 10}","{'name': 'msd', 'min_support': 1, 'user_based': False}"
6,1.8121068562559255,255,"{'bsl_options': {'method': 'als', 'n_epochs': 10}, 'k': 3, 'sim_options': {'name': 'msd', 'min_support': 3, 'user_based': True}}",3,"{'method': 'als', 'n_epochs': 10}","{'name': 'msd', 'min_support': 3, 'user_based': True}"
7,1.73042526850261,140,"{'bsl_options': {'method': 'als', 'n_epochs': 10}, 'k': 3, 'sim_options': {'name': 'msd', 'min_support': 3, 'user_based': False}}",3,"{'method': 'als', 'n_epochs': 10}","{'name': 'msd', 'min_support': 3, 'user_based': False}"
8,1.776364023257506,208,"{'bsl_options': {'method': 'als', 'n_epochs': 10}, 'k': 3, 'sim_options': {'name': 'pearson', 'min_support': 1, 'user_based': True}}",3,"{'method': 'als', 'n_epochs': 10}","{'name': 'pearson', 'min_support': 1, 'user_based': True}"
9,1.7268177908929396,126,"{'bsl_options': {'method': 'als', 'n_epochs': 10}, 'k': 3, 'sim_options': {'name': 'pearson', 'min_support': 1, 'user_based': False}}",3,"{'method': 'als', 'n_epochs': 10}","{'name': 'pearson', 'min_support': 1, 'user_based': False}"
10,1.7544950629369571,181,"{'bsl_options': {'method': 'als', 'n_epochs': 10}, 'k': 3, 'sim_options': {'name': 'pearson', 'min_support': 3, 'user_based': True}}",3,"{'method': 'als', 'n_epochs': 10}","{'name': 'pearson', 'min_support': 3, 'user_based': True}"
11,1.7205222908280555,85,"{'bsl_options': {'method': 'als', 'n_epochs': 10}, 'k': 3, 'sim_options': {'name': 'pearson', 'min_support': 3, 'user_based': False}}",3,"{'method': 'als', 'n_epochs': 10}","{'name': 'pearson', 'min_support': 3, 'user_based': False}"
12,1.78721527819393,223,"{'bsl_options': {'method': 'als', 'n_epochs': 10}, 'k': 3, 'sim_options': {'name': 'pearson_baseline', 'min_support': 1, 'user_based': True}}",3,"{'method': 'als', 'n_epochs': 10}","{'name': 'pearson_baseline', 'min_support': 1, 'user_based': True}"
13,1.7306373860066426,142,"{'bsl_options': {'method': 'als', 'n_epochs': 10}, 'k': 3, 'sim_options': {'name': 'pearson_baseline', 'min_support': 1, 'user_based': False}}",3,"{'method': 'als', 'n_epochs': 10}","{'name': 'pearson_baseline', 'min_support': 1, 'user_based': False}"
14,1.7615706878538453,162,"{'bsl_options': {'method': 'als', 'n_epochs': 10}, 'k': 3, 'sim_options': {'name': 'pearson_baseline', 'min_support': 3, 'user_based': True}}",3,"{'method': 'als', 'n_epochs': 10}","{'name': 'pearson_baseline', 'min_support': 3, 'user_based': True}"
15,1.7192687163674725,88,"{'bsl_options': {'method': 'als', 'n_epochs': 10}, 'k': 3, 'sim_options': {'name': 'pearson_baseline', 'min_support': 3, 'user_based': False}}",3,"{'method': 'als', 'n_epochs': 10}","{'name': 'pearson_baseline', 'min_support': 3, 'user_based': False}"
16,1.724785856054999,136,"{'bsl_options': {'method': 'als', 'n_epochs': 10}, 'k': 5, 'sim_options': {'name': 'cosine', 'min_support': 1, 'user_based': True}}",5,"{'method': 'als', 'n_epochs': 10}","{'name': 'cosine', 'min_support': 1, 'user_based': True}"
17,1.6904179308997962,18,"{'bsl_options': {'method': 'als', 'n_epochs': 10}, 'k': 5, 'sim_options': {'name': 'cosine', 'min_support': 1, 'user_based': False}}",5,"{'method': 'als', 'n_epochs': 10}","{'name': 'cosine', 'min_support': 1, 'user_based': False}"
18,1.8027919110386923,235,"{'bsl_options': {'method': 'als', 'n_epochs': 10}, 'k': 5, 'sim_options': {'name': 'cosine', 'min_support': 3, 'user_based': True}}",5,"{'method': 'als', 'n_epochs': 10}","{'name': 'cosine', 'min_support': 3, 'user_based': True}"
19,1.7172335966335293,64,"{'bsl_options': {'method': 'als', 'n_epochs': 10}, 'k': 5, 'sim_options': {'name': 'cosine', 'min_support': 3, 'user_based': False}}",5,"{'method': 'als', 'n_epochs': 10}","{'name': 'cosine', 'min_support': 3, 'user_based': False}"
20,1.7337672405576552,151,"{'bsl_options': {'method': 'als', 'n_epochs': 10}, 'k': 5, 'sim_options': {'name': 'msd', 'min_support': 1, 'user_based': True}}",5,"{'method': 'als', 'n_epochs': 10}","{'name': 'msd', 'min_support': 1, 'user_based': True}"
21,1.7048054937765142,23,"{'bsl_options': {'method': 'als', 'n_epochs': 10}, 'k': 5, 'sim_options': {'name': 'msd', 'min_support': 1, 'user_based': False}}",5,"{'method': 'als', 'n_epochs': 10}","{'name': 'msd', 'min_support': 1, 'user_based': False}"
22,1.8073459388210804,246,"{'bsl_options': {'method': 'als', 'n_epochs': 10}, 'k': 5, 'sim_options': {'name': 'msd', 'min_support': 3, 'user_based': True}}",5,"{'method': 'als', 'n_epochs': 10}","{'name': 'msd', 'min_support': 3, 'user_based': True}"
23,1.724189776892147,110,"{'bsl_options': {'method': 'als', 'n_epochs': 10}, 'k': 5, 'sim_options': {'name': 'msd', 'min_support': 3, 'user_based': False}}",5,"{'method': 'als', 'n_epochs': 10}","{'name': 'msd', 'min_support': 3, 'user_based': False}"
24,1.774512081781605,202,"{'bsl_options': {'method': 'als', 'n_epochs': 10}, 'k': 5, 'sim_options': {'name': 'pearson', 'min_support': 1, 'user_based': True}}",5,"{'method': 'als', 'n_epochs': 10}","{'name': 'pearson', 'min_support': 1, 'user_based': True}"
25,1.7180279601344193,76,"{'bsl_options': {'method': 'als', 'n_epochs': 10}, 'k': 5, 'sim_options': {'name': 'pearson', 'min_support': 1, 'user_based': False}}",5,"{'method': 'als', 'n_epochs': 10}","{'name': 'pearson', 'min_support': 1, 'user_based': False}"
26,1.7525552767709784,178,"{'bsl_options': {'method': 'als', 'n_epochs': 10}, 'k': 5, 'sim_options': {'name': 'pearson', 'min_support': 3, 'user_based': True}}",5,"{'method': 'als', 'n_epochs': 10}","{'name': 'pearson', 'min_support': 3, 'user_based': True}"
27,1.7180025954081175,54,"{'bsl_options': {'method': 'als', 'n_epochs': 10}, 'k': 5, 'sim_options': {'name': 'pearson', 'min_support': 3, 'user_based': False}}",5,"{'method': 'als', 'n_epochs': 10}","{'name': 'pearson', 'min_support': 3, 'user_based': False}"
28,1.7799837350541283,218,"{'bsl_options': {'method': 'als', 'n_epochs': 10}, 'k': 5, 'sim_options': {'name': 'pearson_baseline', 'min_support': 1, 'user_based': True}}",5,"{'method': 'als', 'n_epochs': 10}","{'name': 'pearson_baseline', 'min_support': 1, 'user_based': True}"
29,1.723108439100655,113,"{'bsl_options': {'method': 'als', 'n_epochs': 10}, 'k': 5, 'sim_options': {'name': 'pearson_baseline', 'min_support': 1, 'user_based': False}}",5,"{'method': 'als', 'n_epochs': 10}","{'name': 'pearson_baseline', 'min_support': 1, 'user_based': False}"
30,1.759144165411733,157,"{'bsl_options': {'method': 'als', 'n_epochs': 10}, 'k': 5, 'sim_options': {'name': 'pearson_baseline', 'min_support': 3, 'user_based': True}}",5,"{'method': 'als', 'n_epochs': 10}","{'name': 'pearson_baseline', 'min_support': 3, 'user_based': True}"
31,1.7179878579611758,81,"{'bsl_options': {'method': 'als', 'n_epochs': 10}, 'k': 5, 'sim_options': {'name': 'pearson_baseline', 'min_support': 3, 'user_based': False}}",5,"{'method': 'als', 'n_epochs': 10}","{'name': 'pearson_baseline', 'min_support': 3, 'user_based': False}"
32,1.7024821143151327,30,"{'bsl_options': {'method': 'als', 'n_epochs': 10}, 'k': 10, 'sim_options': {'name': 'cosine', 'min_support': 1, 'user_based': True}}",10,"{'method': 'als', 'n_epochs': 10}","{'name': 'cosine', 'min_support': 1, 'user_based': True}"
33,1.6681530032899368,6,"{'bsl_options': {'method': 'als', 'n_epochs': 10}, 'k': 10, 'sim_options': {'name': 'cosine', 'min_support': 1, 'user_based': False}}",10,"{'method': 'als', 'n_epochs': 10}","{'name': 'cosine', 'min_support': 1, 'user_based': False}"
34,1.8021653781218172,230,"{'bsl_options': {'method': 'als', 'n_epochs': 10}, 'k': 10, 'sim_options': {'name': 'cosine', 'min_support': 3, 'user_based': True}}",10,"{'method': 'als', 'n_epochs': 10}","{'name': 'cosine', 'min_support': 3, 'user_based': True}"
35,1.7149996314827232,39,"{'bsl_options': {'method': 'als', 'n_epochs': 10}, 'k': 10, 'sim_options': {'name': 'cosine', 'min_support': 3, 'user_based': False}}",10,"{'method': 'als', 'n_epochs': 10}","{'name': 'cosine', 'min_support': 3, 'user_based': False}"
36,1.7203593666338548,121,"{'bsl_options': {'method': 'als', 'n_epochs': 10}, 'k': 10, 'sim_options': {'name': 'msd', 'min_support': 1, 'user_based': True}}",10,"{'method': 'als', 'n_epochs': 10}","{'name': 'msd', 'min_support': 1, 'user_based': True}"
37,1.6902090361977806,14,"{'bsl_options': {'method': 'als', 'n_epochs': 10}, 'k': 10, 'sim_options': {'name': 'msd', 'min_support': 1, 'user_based': False}}",10,"{'method': 'als', 'n_epochs': 10}","{'name': 'msd', 'min_support': 1, 'user_based': False}"
38,1.8066438129556517,243,"{'bsl_options': {'method': 'als', 'n_epochs': 10}, 'k': 10, 'sim_options': {'name': 'msd', 'min_support': 3, 'user_based': True}}",10,"{'method': 'als', 'n_epochs': 10}","{'name': 'msd', 'min_support': 3, 'user_based': True}"
39,1.7229986412207814,97,"{'bsl_options': {'method': 'als', 'n_epochs': 10}, 'k': 10, 'sim_options': {'name': 'msd', 'min_support': 3, 'user_based': False}}",10,"{'method': 'als', 'n_epochs': 10}","{'name': 'msd', 'min_support': 3, 'user_based': False}"
40,1.7738197741887691,195,"{'bsl_options': {'method': 'als', 'n_epochs': 10}, 'k': 10, 'sim_options': {'name': 'pearson', 'min_support': 1, 'user_based': True}}",10,"{'method': 'als', 'n_epochs': 10}","{'name': 'pearson', 'min_support': 1, 'user_based': True}"
41,1.7166742383373137,63,"{'bsl_options': {'method': 'als', 'n_epochs': 10}, 'k': 10, 'sim_options': {'name': 'pearson', 'min_support': 1, 'user_based': False}}",10,"{'method': 'als', 'n_epochs': 10}","{'name': 'pearson', 'min_support': 1, 'user_based': False}"
42,1.7524842180626443,171,"{'bsl_options': {'method': 'als', 'n_epochs': 10}, 'k': 10, 'sim_options': {'name': 'pearson', 'min_support': 3, 'user_based': True}}",10,"{'method': 'als', 'n_epochs': 10}","{'name': 'pearson', 'min_support': 3, 'user_based': True}"
43,1.717231579885115,47,"{'bsl_options': {'method': 'als', 'n_epochs': 10}, 'k': 10, 'sim_options': {'name': 'pearson', 'min_support': 3, 'user_based': False}}",10,"{'method': 'als', 'n_epochs': 10}","{'name': 'pearson', 'min_support': 3, 'user_based': False}"
44,1.7789913200669036,212,"{'bsl_options': {'method': 'als', 'n_epochs': 10}, 'k': 10, 'sim_options': {'name': 'pearson_baseline', 'min_support': 1, 'user_based': True}}",10,"{'method': 'als', 'n_epochs': 10}","{'name': 'pearson_baseline', 'min_support': 1, 'user_based': True}"
45,1.7206409959340851,92,"{'bsl_options': {'method': 'als', 'n_epochs': 10}, 'k': 10, 'sim_options': {'name': 'pearson_baseline', 'min_support': 1, 'user_based': False}}",10,"{'method': 'als', 'n_epochs': 10}","{'name': 'pearson_baseline', 'min_support': 1, 'user_based': False}"
46,1.7587319822429013,155,"{'bsl_options': {'method': 'als', 'n_epochs': 10}, 'k': 10, 'sim_options': {'name': 'pearson_baseline', 'min_support': 3, 'user_based': True}}",10,"{'method': 'als', 'n_epochs': 10}","{'name': 'pearson_baseline', 'min_support': 3, 'user_based': True}"
47,1.7173936297894523,75,"{'bsl_options': {'method': 'als', 'n_epochs': 10}, 'k': 10, 'sim_options': {'name': 'pearson_baseline', 'min_support': 3, 'user_based': False}}",10,"{'method': 'als', 'n_epochs': 10}","{'name': 'pearson_baseline', 'min_support': 3, 'user_based': False}"
48,1.6973726604748158,28,"{'bsl_options': {'method': 'als', 'n_epochs': 10}, 'k': 20, 'sim_options': {'name': 'cosine', 'min_support': 1, 'user_based': True}}",20,"{'method': 'als', 'n_epochs': 10}","{'name': 'cosine', 'min_support': 1, 'user_based': True}"
49,1.6630155712657424,3,"{'bsl_options': {'method': 'als', 'n_epochs': 10}, 'k': 20, 'sim_options': {'name': 'cosine', 'min_support': 1, 'user_based': False}}",20,"{'method': 'als', 'n_epochs': 10}","{'name': 'cosine', 'min_support': 1, 'user_based': False}"
50,1.8018189897166528,228,"{'bsl_options': {'method': 'als', 'n_epochs': 10}, 'k': 20, 'sim_options': {'name': 'cosine', 'min_support': 3, 'user_based': True}}",20,"{'method': 'als', 'n_epochs': 10}","{'name': 'cosine', 'min_support': 3, 'user_based': True}"
51,1.7149359045534347,35,"{'bsl_options': {'method': 'als', 'n_epochs': 10}, 'k': 20, 'sim_options': {'name': 'cosine', 'min_support': 3, 'user_based': False}}",20,"{'method': 'als', 'n_epochs': 10}","{'name': 'cosine', 'min_support': 3, 'user_based': False}"
52,1.717903476768997,103,"{'bsl_options': {'method': 'als', 'n_epochs': 10}, 'k': 20, 'sim_options': {'name': 'msd', 'min_support': 1, 'user_based': True}}",20,"{'method': 'als', 'n_epochs': 10}","{'name': 'msd', 'min_support': 1, 'user_based': True}"
53,1.688743059540179,12,"{'bsl_options': {'method': 'als', 'n_epochs': 10}, 'k': 20, 'sim_options': {'name': 'msd', 'min_support': 1, 'user_based': False}}",20,"{'method': 'als', 'n_epochs': 10}","{'name': 'msd', 'min_support': 1, 'user_based': False}"
54,1.8064752338058911,239,"{'bsl_options': {'method': 'als', 'n_epochs': 10}, 'k': 20, 'sim_options': {'name': 'msd', 'min_support': 3, 'user_based': True}}",20,"{'method': 'als', 'n_epochs': 10}","{'name': 'msd', 'min_support': 3, 'user_based': True}"
55,1.7227450483582036,96,"{'bsl_options': {'method': 'als', 'n_epochs': 10}, 'k': 20, 'sim_options': {'name': 'msd', 'min_support': 3, 'user_based': False}}",20,"{'method': 'als', 'n_epochs': 10}","{'name': 'msd', 'min_support': 3, 'user_based': False}"
56,1.7738360374094932,200,"{'bsl_options': {'method': 'als', 'n_epochs': 10}, 'k': 20, 'sim_options': {'name': 'pearson', 'min_support': 1, 'user_based': True}}",20,"{'method': 'als', 'n_epochs': 10}","{'name': 'pearson', 'min_support': 1, 'user_based': True}"
57,1.7164389870977768,57,"{'bsl_options': {'method': 'als', 'n_epochs': 10}, 'k': 20, 'sim_options': {'name': 'pearson', 'min_support': 1, 'user_based': False}}",20,"{'method': 'als', 'n_epochs': 10}","{'name': 'pearson', 'min_support': 1, 'user_based': False}"
58,1.7524062884458786,175,"{'bsl_options': {'method': 'als', 'n_epochs': 10}, 'k': 20, 'sim_options': {'name': 'pearson', 'min_support': 3, 'user_based': True}}",20,"{'method': 'als', 'n_epochs': 10}","{'name': 'pearson', 'min_support': 3, 'user_based': True}"
59,1.7172594810808577,45,"{'bsl_options': {'method': 'als', 'n_epochs': 10}, 'k': 20, 'sim_options': {'name': 'pearson', 'min_support': 3, 'user_based': False}}",20,"{'method': 'als', 'n_epochs': 10}","{'name': 'pearson', 'min_support': 3, 'user_based': False}"
60,1.7788396348131827,210,"{'bsl_options': {'method': 'als', 'n_epochs': 10}, 'k': 20, 'sim_options': {'name': 'pearson_baseline', 'min_support': 1, 'user_based': True}}",20,"{'method': 'als', 'n_epochs': 10}","{'name': 'pearson_baseline', 'min_support': 1, 'user_based': True}"
61,1.7206464538630664,90,"{'bsl_options': {'method': 'als', 'n_epochs': 10}, 'k': 20, 'sim_options': {'name': 'pearson_baseline', 'min_support': 1, 'user_based': False}}",20,"{'method': 'als', 'n_epochs': 10}","{'name': 'pearson_baseline', 'min_support': 1, 'user_based': False}"
62,1.7586288170950384,153,"{'bsl_options': {'method': 'als', 'n_epochs': 10}, 'k': 20, 'sim_options': {'name': 'pearson_baseline', 'min_support': 3, 'user_based': True}}",20,"{'method': 'als', 'n_epochs': 10}","{'name': 'pearson_baseline', 'min_support': 3, 'user_based': True}"
63,1.7174041440432444,73,"{'bsl_options': {'method': 'als', 'n_epochs': 10}, 'k': 20, 'sim_options': {'name': 'pearson_baseline', 'min_support': 3, 'user_based': False}}",20,"{'method': 'als', 'n_epochs': 10}","{'name': 'pearson_baseline', 'min_support': 3, 'user_based': False}"
64,1.7674407661507894,188,"{'bsl_options': {'method': 'als', 'n_epochs': 20}, 'k': 3, 'sim_options': {'name': 'cosine', 'min_support': 1, 'user_based': True}}",3,"{'method': 'als', 'n_epochs': 20}","{'name': 'cosine', 'min_support': 1, 'user_based': True}"
65,1.73222429856297,130,"{'bsl_options': {'method': 'als', 'n_epochs': 20}, 'k': 3, 'sim_options': {'name': 'cosine', 'min_support': 1, 'user_based': False}}",3,"{'method': 'als', 'n_epochs': 20}","{'name': 'cosine', 'min_support': 1, 'user_based': False}"
66,1.8070578793796364,252,"{'bsl_options': {'method': 'als', 'n_epochs': 20}, 'k': 3, 'sim_options': {'name': 'cosine', 'min_support': 3, 'user_based': True}}",3,"{'method': 'als', 'n_epochs': 20}","{'name': 'cosine', 'min_support': 3, 'user_based': True}"
67,1.7237833950125494,117,"{'bsl_options': {'method': 'als', 'n_epochs': 20}, 'k': 3, 'sim_options': {'name': 'cosine', 'min_support': 3, 'user_based': False}}",3,"{'method': 'als', 'n_epochs': 20}","{'name': 'cosine', 'min_support': 3, 'user_based': False}"
68,1.7634036589059374,192,"{'bsl_options': {'method': 'als', 'n_epochs': 20}, 'k': 3, 'sim_options': {'name': 'msd', 'min_support': 1, 'user_based': True}}",3,"{'method': 'als', 'n_epochs': 20}","{'name': 'msd', 'min_support': 1, 'user_based': True}"
69,1.7384387898665274,146,"{'bsl_options': {'method': 'als', 'n_epochs': 20}, 'k': 3, 'sim_options': {'name': 'msd', 'min_support': 1, 'user_based': False}}",3,"{'method': 'als', 'n_epochs': 20}","{'name': 'msd', 'min_support': 1, 'user_based': False}"
70,1.8121068562559255,254,"{'bsl_options': {'method': 'als', 'n_epochs': 20}, 'k': 3, 'sim_options': {'name': 'msd', 'min_support': 3, 'user_based': True}}",3,"{'method': 'als', 'n_epochs': 20}","{'name': 'msd', 'min_support': 3, 'user_based': True}"
71,1.73042526850261,137,"{'bsl_options': {'method': 'als', 'n_epochs': 20}, 'k': 3, 'sim_options': {'name': 'msd', 'min_support': 3, 'user_based': False}}",3,"{'method': 'als', 'n_epochs': 20}","{'name': 'msd', 'min_support': 3, 'user_based': False}"
72,1.776364023257506,206,"{'bsl_options': {'method': 'als', 'n_epochs': 20}, 'k': 3, 'sim_options': {'name': 'pearson', 'min_support': 1, 'user_based': True}}",3,"{'method': 'als', 'n_epochs': 20}","{'name': 'pearson', 'min_support': 1, 'user_based': True}"
73,1.7268177908929396,127,"{'bsl_options': {'method': 'als', 'n_epochs': 20}, 'k': 3, 'sim_options': {'name': 'pearson', 'min_support': 1, 'user_based': False}}",3,"{'method': 'als', 'n_epochs': 20}","{'name': 'pearson', 'min_support': 1, 'user_based': False}"
74,1.7544950629369571,183,"{'bsl_options': {'method': 'als', 'n_epochs': 20}, 'k': 3, 'sim_options': {'name': 'pearson', 'min_support': 3, 'user_based': True}}",3,"{'method': 'als', 'n_epochs': 20}","{'name': 'pearson', 'min_support': 3, 'user_based': True}"
75,1.7205222908280555,83,"{'bsl_options': {'method': 'als', 'n_epochs': 20}, 'k': 3, 'sim_options': {'name': 'pearson', 'min_support': 3, 'user_based': False}}",3,"{'method': 'als', 'n_epochs': 20}","{'name': 'pearson', 'min_support': 3, 'user_based': False}"
76,1.7872152778015788,222,"{'bsl_options': {'method': 'als', 'n_epochs': 20}, 'k': 3, 'sim_options': {'name': 'pearson_baseline', 'min_support': 1, 'user_based': True}}",3,"{'method': 'als', 'n_epochs': 20}","{'name': 'pearson_baseline', 'min_support': 1, 'user_based': True}"
77,1.7306373851739951,141,"{'bsl_options': {'method': 'als', 'n_epochs': 20}, 'k': 3, 'sim_options': {'name': 'pearson_baseline', 'min_support': 1, 'user_based': False}}",3,"{'method': 'als', 'n_epochs': 20}","{'name': 'pearson_baseline', 'min_support': 1, 'user_based': False}"
78,1.7615706879790924,163,"{'bsl_options': {'method': 'als', 'n_epochs': 20}, 'k': 3, 'sim_options': {'name': 'pearson_baseline', 'min_support': 3, 'user_based': True}}",3,"{'method': 'als', 'n_epochs': 20}","{'name': 'pearson_baseline', 'min_support': 3, 'user_based': True}"
79,1.7192687157576618,87,"{'bsl_options': {'method': 'als', 'n_epochs': 20}, 'k': 3, 'sim_options': {'name': 'pearson_baseline', 'min_support': 3, 'user_based': False}}",3,"{'method': 'als', 'n_epochs': 20}","{'name': 'pearson_baseline', 'min_support': 3, 'user_based': False}"
80,1.724785856054999,133,"{'bsl_options': {'method': 'als', 'n_epochs': 20}, 'k': 5, 'sim_options': {'name': 'cosine', 'min_support': 1, 'user_based': True}}",5,"{'method': 'als', 'n_epochs': 20}","{'name': 'cosine', 'min_support': 1, 'user_based': True}"
81,1.6904179308997962,17,"{'bsl_options': {'method': 'als', 'n_epochs': 20}, 'k': 5, 'sim_options': {'name': 'cosine', 'min_support': 1, 'user_based': False}}",5,"{'method': 'als', 'n_epochs': 20}","{'name': 'cosine', 'min_support': 1, 'user_based': False}"
82,1.8027919110386923,234,"{'bsl_options': {'method': 'als', 'n_epochs': 20}, 'k': 5, 'sim_options': {'name': 'cosine', 'min_support': 3, 'user_based': True}}",5,"{'method': 'als', 'n_epochs': 20}","{'name': 'cosine', 'min_support': 3, 'user_based': True}"
83,1.7172335966335293,67,"{'bsl_options': {'method': 'als', 'n_epochs': 20}, 'k': 5, 'sim_options': {'name': 'cosine', 'min_support': 3, 'user_based': False}}",5,"{'method': 'als', 'n_epochs': 20}","{'name': 'cosine', 'min_support': 3, 'user_based': False}"
84,1.7337672405576552,149,"{'bsl_options': {'method': 'als', 'n_epochs': 20}, 'k': 5, 'sim_options': {'name': 'msd', 'min_support': 1, 'user_based': True}}",5,"{'method': 'als', 'n_epochs': 20}","{'name': 'msd', 'min_support': 1, 'user_based': True}"
85,1.7048054937765142,21,"{'bsl_options': {'method': 'als', 'n_epochs': 20}, 'k': 5, 'sim_options': {'name': 'msd', 'min_support': 1, 'user_based': False}}",5,"{'method': 'als', 'n_epochs': 20}","{'name': 'msd', 'min_support': 1, 'user_based': False}"
86,1.8073459388210804,248,"{'bsl_options': {'method': 'als', 'n_epochs': 20}, 'k': 5, 'sim_options': {'name': 'msd', 'min_support': 3, 'user_based': True}}",5,"{'method': 'als', 'n_epochs': 20}","{'name': 'msd', 'min_support': 3, 'user_based': True}"
87,1.724189776892147,109,"{'bsl_options': {'method': 'als', 'n_epochs': 20}, 'k': 5, 'sim_options': {'name': 'msd', 'min_support': 3, 'user_based': False}}",5,"{'method': 'als', 'n_epochs': 20}","{'name': 'msd', 'min_support': 3, 'user_based': False}"
88,1.774512081781605,201,"{'bsl_options': {'method': 'als', 'n_epochs': 20}, 'k': 5, 'sim_options': {'name': 'pearson', 'min_support': 1, 'user_based': True}}",5,"{'method': 'als', 'n_epochs': 20}","{'name': 'pearson', 'min_support': 1, 'user_based': True}"
89,1.7180279601344193,79,"{'bsl_options': {'method': 'als', 'n_epochs': 20}, 'k': 5, 'sim_options': {'name': 'pearson', 'min_support': 1, 'user_based': False}}",5,"{'method': 'als', 'n_epochs': 20}","{'name': 'pearson', 'min_support': 1, 'user_based': False}"
90,1.7525552767709784,177,"{'bsl_options': {'method': 'als', 'n_epochs': 20}, 'k': 5, 'sim_options': {'name': 'pearson', 'min_support': 3, 'user_based': True}}",5,"{'method': 'als', 'n_epochs': 20}","{'name': 'pearson', 'min_support': 3, 'user_based': True}"
91,1.7180025954081175,52,"{'bsl_options': {'method': 'als', 'n_epochs': 20}, 'k': 5, 'sim_options': {'name': 'pearson', 'min_support': 3, 'user_based': False}}",5,"{'method': 'als', 'n_epochs': 20}","{'name': 'pearson', 'min_support': 3, 'user_based': False}"
92,1.7799837347401406,217,"{'bsl_options': {'method': 'als', 'n_epochs': 20}, 'k': 5, 'sim_options': {'name': 'pearson_baseline', 'min_support': 1, 'user_based': True}}",5,"{'method': 'als', 'n_epochs': 20}","{'name': 'pearson_baseline', 'min_support': 1, 'user_based': True}"
93,1.7231084383472528,112,"{'bsl_options': {'method': 'als', 'n_epochs': 20}, 'k': 5, 'sim_options': {'name': 'pearson_baseline', 'min_support': 1, 'user_based': False}}",5,"{'method': 'als', 'n_epochs': 20}","{'name': 'pearson_baseline', 'min_support': 1, 'user_based': False}"
94,1.7591441654452842,158,"{'bsl_options': {'method': 'als', 'n_epochs': 20}, 'k': 5, 'sim_options': {'name': 'pearson_baseline', 'min_support': 3, 'user_based': True}}",5,"{'method': 'als', 'n_epochs': 20}","{'name': 'pearson_baseline', 'min_support': 3, 'user_based': True}"
95,1.7179878573291467,80,"{'bsl_options': {'method': 'als', 'n_epochs': 20}, 'k': 5, 'sim_options': {'name': 'pearson_baseline', 'min_support': 3, 'user_based': False}}",5,"{'method': 'als', 'n_epochs': 20}","{'name': 'pearson_baseline', 'min_support': 3, 'user_based': False}"
96,1.7024821143151327,31,"{'bsl_options': {'method': 'als', 'n_epochs': 20}, 'k': 10, 'sim_options': {'name': 'cosine', 'min_support': 1, 'user_based': True}}",10,"{'method': 'als', 'n_epochs': 20}","{'name': 'cosine', 'min_support': 1, 'user_based': True}"
97,1.6681530032899368,7,"{'bsl_options': {'method': 'als', 'n_epochs': 20}, 'k': 10, 'sim_options': {'name': 'cosine', 'min_support': 1, 'user_based': False}}",10,"{'method': 'als', 'n_epochs': 20}","{'name': 'cosine', 'min_support': 1, 'user_based': False}"
98,1.8021653781218172,229,"{'bsl_options': {'method': 'als', 'n_epochs': 20}, 'k': 10, 'sim_options': {'name': 'cosine', 'min_support': 3, 'user_based': True}}",10,"{'method': 'als', 'n_epochs': 20}","{'name': 'cosine', 'min_support': 3, 'user_based': True}"
99,1.7149996314827232,37,"{'bsl_options': {'method': 'als', 'n_epochs': 20}, 'k': 10, 'sim_options': {'name': 'cosine', 'min_support': 3, 'user_based': False}}",10,"{'method': 'als', 'n_epochs': 20}","{'name': 'cosine', 'min_support': 3, 'user_based': False}"
100,1.7203593666338548,120,"{'bsl_options': {'method': 'als', 'n_epochs': 20}, 'k': 10, 'sim_options': {'name': 'msd', 'min_support': 1, 'user_based': True}}",10,"{'method': 'als', 'n_epochs': 20}","{'name': 'msd', 'min_support': 1, 'user_based': True}"
101,1.6902090361977806,16,"{'bsl_options': {'method': 'als', 'n_epochs': 20}, 'k': 10, 'sim_options': {'name': 'msd', 'min_support': 1, 'user_based': False}}",10,"{'method': 'als', 'n_epochs': 20}","{'name': 'msd', 'min_support': 1, 'user_based': False}"
102,1.8066438129556517,241,"{'bsl_options': {'method': 'als', 'n_epochs': 20}, 'k': 10, 'sim_options': {'name': 'msd', 'min_support': 3, 'user_based': True}}",10,"{'method': 'als', 'n_epochs': 20}","{'name': 'msd', 'min_support': 3, 'user_based': True}"
103,1.7229986412207814,100,"{'bsl_options': {'method': 'als', 'n_epochs': 20}, 'k': 10, 'sim_options': {'name': 'msd', 'min_support': 3, 'user_based': False}}",10,"{'method': 'als', 'n_epochs': 20}","{'name': 'msd', 'min_support': 3, 'user_based': False}"
104,1.7738197741887691,194,"{'bsl_options': {'method': 'als', 'n_epochs': 20}, 'k': 10, 'sim_options': {'name': 'pearson', 'min_support': 1, 'user_based': True}}",10,"{'method': 'als', 'n_epochs': 20}","{'name': 'pearson', 'min_support': 1, 'user_based': True}"
105,1.7166742383373137,61,"{'bsl_options': {'method': 'als', 'n_epochs': 20}, 'k': 10, 'sim_options': {'name': 'pearson', 'min_support': 1, 'user_based': False}}",10,"{'method': 'als', 'n_epochs': 20}","{'name': 'pearson', 'min_support': 1, 'user_based': False}"
106,1.7524842180626443,168,"{'bsl_options': {'method': 'als', 'n_epochs': 20}, 'k': 10, 'sim_options': {'name': 'pearson', 'min_support': 3, 'user_based': True}}",10,"{'method': 'als', 'n_epochs': 20}","{'name': 'pearson', 'min_support': 3, 'user_based': True}"
107,1.717231579885115,49,"{'bsl_options': {'method': 'als', 'n_epochs': 20}, 'k': 10, 'sim_options': {'name': 'pearson', 'min_support': 3, 'user_based': False}}",10,"{'method': 'als', 'n_epochs': 20}","{'name': 'pearson', 'min_support': 3, 'user_based': False}"
108,1.778991319756677,211,"{'bsl_options': {'method': 'als', 'n_epochs': 20}, 'k': 10, 'sim_options': {'name': 'pearson_baseline', 'min_support': 1, 'user_based': True}}",10,"{'method': 'als', 'n_epochs': 20}","{'name': 'pearson_baseline', 'min_support': 1, 'user_based': True}"
109,1.7206409951949828,91,"{'bsl_options': {'method': 'als', 'n_epochs': 20}, 'k': 10, 'sim_options': {'name': 'pearson_baseline', 'min_support': 1, 'user_based': False}}",10,"{'method': 'als', 'n_epochs': 20}","{'name': 'pearson_baseline', 'min_support': 1, 'user_based': False}"
110,1.7587319822435372,156,"{'bsl_options': {'method': 'als', 'n_epochs': 20}, 'k': 10, 'sim_options': {'name': 'pearson_baseline', 'min_support': 3, 'user_based': True}}",10,"{'method': 'als', 'n_epochs': 20}","{'name': 'pearson_baseline', 'min_support': 3, 'user_based': True}"
111,1.7173936291289948,74,"{'bsl_options': {'method': 'als', 'n_epochs': 20}, 'k': 10, 'sim_options': {'name': 'pearson_baseline', 'min_support': 3, 'user_based': False}}",10,"{'method': 'als', 'n_epochs': 20}","{'name': 'pearson_baseline', 'min_support': 3, 'user_based': False}"
112,1.6973726604748158,27,"{'bsl_options': {'method': 'als', 'n_epochs': 20}, 'k': 20, 'sim_options': {'name': 'cosine', 'min_support': 1, 'user_based': True}}",20,"{'method': 'als', 'n_epochs': 20}","{'name': 'cosine', 'min_support': 1, 'user_based': True}"
113,1.6630155712657424,4,"{'bsl_options': {'method': 'als', 'n_epochs': 20}, 'k': 20, 'sim_options': {'name': 'cosine', 'min_support': 1, 'user_based': False}}",20,"{'method': 'als', 'n_epochs': 20}","{'name': 'cosine', 'min_support': 1, 'user_based': False}"
114,1.8018189897166528,227,"{'bsl_options': {'method': 'als', 'n_epochs': 20}, 'k': 20, 'sim_options': {'name': 'cosine', 'min_support': 3, 'user_based': True}}",20,"{'method': 'als', 'n_epochs': 20}","{'name': 'cosine', 'min_support': 3, 'user_based': True}"
115,1.7149359045534347,36,"{'bsl_options': {'method': 'als', 'n_epochs': 20}, 'k': 20, 'sim_options': {'name': 'cosine', 'min_support': 3, 'user_based': False}}",20,"{'method': 'als', 'n_epochs': 20}","{'name': 'cosine', 'min_support': 3, 'user_based': False}"
116,1.717903476768997,104,"{'bsl_options': {'method': 'als', 'n_epochs': 20}, 'k': 20, 'sim_options': {'name': 'msd', 'min_support': 1, 'user_based': True}}",20,"{'method': 'als', 'n_epochs': 20}","{'name': 'msd', 'min_support': 1, 'user_based': True}"
117,1.688743059540179,9,"{'bsl_options': {'method': 'als', 'n_epochs': 20}, 'k': 20, 'sim_options': {'name': 'msd', 'min_support': 1, 'user_based': False}}",20,"{'method': 'als', 'n_epochs': 20}","{'name': 'msd', 'min_support': 1, 'user_based': False}"
118,1.8064752338058911,240,"{'bsl_options': {'method': 'als', 'n_epochs': 20}, 'k': 20, 'sim_options': {'name': 'msd', 'min_support': 3, 'user_based': True}}",20,"{'method': 'als', 'n_epochs': 20}","{'name': 'msd', 'min_support': 3, 'user_based': True}"
119,1.7227450483582036,95,"{'bsl_options': {'method': 'als', 'n_epochs': 20}, 'k': 20, 'sim_options': {'name': 'msd', 'min_support': 3, 'user_based': False}}",20,"{'method': 'als', 'n_epochs': 20}","{'name': 'msd', 'min_support': 3, 'user_based': False}"
120,1.7738360374094932,199,"{'bsl_options': {'method': 'als', 'n_epochs': 20}, 'k': 20, 'sim_options': {'name': 'pearson', 'min_support': 1, 'user_based': True}}",20,"{'method': 'als', 'n_epochs': 20}","{'name': 'pearson', 'min_support': 1, 'user_based': True}"
121,1.7164389870977768,58,"{'bsl_options': {'method': 'als', 'n_epochs': 20}, 'k': 20, 'sim_options': {'name': 'pearson', 'min_support': 1, 'user_based': False}}",20,"{'method': 'als', 'n_epochs': 20}","{'name': 'pearson', 'min_support': 1, 'user_based': False}"
122,1.7524062884458786,173,"{'bsl_options': {'method': 'als', 'n_epochs': 20}, 'k': 20, 'sim_options': {'name': 'pearson', 'min_support': 3, 'user_based': True}}",20,"{'method': 'als', 'n_epochs': 20}","{'name': 'pearson', 'min_support': 3, 'user_based': True}"
123,1.7172594810808577,44,"{'bsl_options': {'method': 'als', 'n_epochs': 20}, 'k': 20, 'sim_options': {'name': 'pearson', 'min_support': 3, 'user_based': False}}",20,"{'method': 'als', 'n_epochs': 20}","{'name': 'pearson', 'min_support': 3, 'user_based': False}"
124,1.7788396345140032,209,"{'bsl_options': {'method': 'als', 'n_epochs': 20}, 'k': 20, 'sim_options': {'name': 'pearson_baseline', 'min_support': 1, 'user_based': True}}",20,"{'method': 'als', 'n_epochs': 20}","{'name': 'pearson_baseline', 'min_support': 1, 'user_based': True}"
125,1.7206464531076735,89,"{'bsl_options': {'method': 'als', 'n_epochs': 20}, 'k': 20, 'sim_options': {'name': 'pearson_baseline', 'min_support': 1, 'user_based': False}}",20,"{'method': 'als', 'n_epochs': 20}","{'name': 'pearson_baseline', 'min_support': 1, 'user_based': False}"
126,1.7586288170953674,154,"{'bsl_options': {'method': 'als', 'n_epochs': 20}, 'k': 20, 'sim_options': {'name': 'pearson_baseline', 'min_support': 3, 'user_based': True}}",20,"{'method': 'als', 'n_epochs': 20}","{'name': 'pearson_baseline', 'min_support': 3, 'user_based': True}"
127,1.717404143377436,72,"{'bsl_options': {'method': 'als', 'n_epochs': 20}, 'k': 20, 'sim_options': {'name': 'pearson_baseline', 'min_support': 3, 'user_based': False}}",20,"{'method': 'als', 'n_epochs': 20}","{'name': 'pearson_baseline', 'min_support': 3, 'user_based': False}"
128,1.7674407661507894,187,"{'bsl_options': {'method': 'sgd', 'n_epochs': 10}, 'k': 3, 'sim_options': {'name': 'cosine', 'min_support': 1, 'user_based': True}}",3,"{'method': 'sgd', 'n_epochs': 10}","{'name': 'cosine', 'min_support': 1, 'user_based': True}"
129,1.73222429856297,132,"{'bsl_options': {'method': 'sgd', 'n_epochs': 10}, 'k': 3, 'sim_options': {'name': 'cosine', 'min_support': 1, 'user_based': False}}",3,"{'method': 'sgd', 'n_epochs': 10}","{'name': 'cosine', 'min_support': 1, 'user_based': False}"
130,1.8070578793796364,249,"{'bsl_options': {'method': 'sgd', 'n_epochs': 10}, 'k': 3, 'sim_options': {'name': 'cosine', 'min_support': 3, 'user_based': True}}",3,"{'method': 'sgd', 'n_epochs': 10}","{'name': 'cosine', 'min_support': 3, 'user_based': True}"
131,1.7237833950125494,115,"{'bsl_options': {'method': 'sgd', 'n_epochs': 10}, 'k': 3, 'sim_options': {'name': 'cosine', 'min_support': 3, 'user_based': False}}",3,"{'method': 'sgd', 'n_epochs': 10}","{'name': 'cosine', 'min_support': 3, 'user_based': False}"
132,1.7634036589059374,189,"{'bsl_options': {'method': 'sgd', 'n_epochs': 10}, 'k': 3, 'sim_options': {'name': 'msd', 'min_support': 1, 'user_based': True}}",3,"{'method': 'sgd', 'n_epochs': 10}","{'name': 'msd', 'min_support': 1, 'user_based': True}"
133,1.7384387898665274,145,"{'bsl_options': {'method': 'sgd', 'n_epochs': 10}, 'k': 3, 'sim_options': {'name': 'msd', 'min_support': 1, 'user_based': False}}",3,"{'method': 'sgd', 'n_epochs': 10}","{'name': 'msd', 'min_support': 1, 'user_based': False}"
134,1.8121068562559255,256,"{'bsl_options': {'method': 'sgd', 'n_epochs': 10}, 'k': 3, 'sim_options': {'name': 'msd', 'min_support': 3, 'user_based': True}}",3,"{'method': 'sgd', 'n_epochs': 10}","{'name': 'msd', 'min_support': 3, 'user_based': True}"
135,1.73042526850261,139,"{'bsl_options': {'method': 'sgd', 'n_epochs': 10}, 'k': 3, 'sim_options': {'name': 'msd', 'min_support': 3, 'user_based': False}}",3,"{'method': 'sgd', 'n_epochs': 10}","{'name': 'msd', 'min_support': 3, 'user_based': False}"
136,1.776364023257506,205,"{'bsl_options': {'method': 'sgd', 'n_epochs': 10}, 'k': 3, 'sim_options': {'name': 'pearson', 'min_support': 1, 'user_based': True}}",3,"{'method': 'sgd', 'n_epochs': 10}","{'name': 'pearson', 'min_support': 1, 'user_based': True}"
137,1.7268177908929396,125,"{'bsl_options': {'method': 'sgd', 'n_epochs': 10}, 'k': 3, 'sim_options': {'name': 'pearson', 'min_support': 1, 'user_based': False}}",3,"{'method': 'sgd', 'n_epochs': 10}","{'name': 'pearson', 'min_support': 1, 'user_based': False}"
138,1.7544950629369571,184,"{'bsl_options': {'method': 'sgd', 'n_epochs': 10}, 'k': 3, 'sim_options': {'name': 'pearson', 'min_support': 3, 'user_based': True}}",3,"{'method': 'sgd', 'n_epochs': 10}","{'name': 'pearson', 'min_support': 3, 'user_based': True}"
139,1.7205222908280555,84,"{'bsl_options': {'method': 'sgd', 'n_epochs': 10}, 'k': 3, 'sim_options': {'name': 'pearson', 'min_support': 3, 'user_based': False}}",3,"{'method': 'sgd', 'n_epochs': 10}","{'name': 'pearson', 'min_support': 3, 'user_based': False}"
140,1.78596696906876,224,"{'bsl_options': {'method': 'sgd', 'n_epochs': 10}, 'k': 3, 'sim_options': {'name': 'pearson_baseline', 'min_support': 1, 'user_based': True}}",3,"{'method': 'sgd', 'n_epochs': 10}","{'name': 'pearson_baseline', 'min_support': 1, 'user_based': True}"
141,1.7321968845688185,144,"{'bsl_options': {'method': 'sgd', 'n_epochs': 10}, 'k': 3, 'sim_options': {'name': 'pearson_baseline', 'min_support': 1, 'user_based': False}}",3,"{'method': 'sgd', 'n_epochs': 10}","{'name': 'pearson_baseline', 'min_support': 1, 'user_based': False}"
142,1.7613624248055908,167,"{'bsl_options': {'method': 'sgd', 'n_epochs': 10}, 'k': 3, 'sim_options': {'name': 'pearson_baseline', 'min_support': 3, 'user_based': True}}",3,"{'method': 'sgd', 'n_epochs': 10}","{'name': 'pearson_baseline', 'min_support': 3, 'user_based': True}"
143,1.7190792297036277,86,"{'bsl_options': {'method': 'sgd', 'n_epochs': 10}, 'k': 3, 'sim_options': {'name': 'pearson_baseline', 'min_support': 3, 'user_based': False}}",3,"{'method': 'sgd', 'n_epochs': 10}","{'name': 'pearson_baseline', 'min_support': 3, 'user_based': False}"
144,1.724785856054999,135,"{'bsl_options': {'method': 'sgd', 'n_epochs': 10}, 'k': 5, 'sim_options': {'name': 'cosine', 'min_support': 1, 'user_based': True}}",5,"{'method': 'sgd', 'n_epochs': 10}","{'name': 'cosine', 'min_support': 1, 'user_based': True}"
145,1.6904179308997962,20,"{'bsl_options': {'method': 'sgd', 'n_epochs': 10}, 'k': 5, 'sim_options': {'name': 'cosine', 'min_support': 1, 'user_based': False}}",5,"{'method': 'sgd', 'n_epochs': 10}","{'name': 'cosine', 'min_support': 1, 'user_based': False}"
146,1.8027919110386923,233,"{'bsl_options': {'method': 'sgd', 'n_epochs': 10}, 'k': 5, 'sim_options': {'name': 'cosine', 'min_support': 3, 'user_based': True}}",5,"{'method': 'sgd', 'n_epochs': 10}","{'name': 'cosine', 'min_support': 3, 'user_based': True}"
147,1.7172335966335293,65,"{'bsl_options': {'method': 'sgd', 'n_epochs': 10}, 'k': 5, 'sim_options': {'name': 'cosine', 'min_support': 3, 'user_based': False}}",5,"{'method': 'sgd', 'n_epochs': 10}","{'name': 'cosine', 'min_support': 3, 'user_based': False}"
148,1.7337672405576552,152,"{'bsl_options': {'method': 'sgd', 'n_epochs': 10}, 'k': 5, 'sim_options': {'name': 'msd', 'min_support': 1, 'user_based': True}}",5,"{'method': 'sgd', 'n_epochs': 10}","{'name': 'msd', 'min_support': 1, 'user_based': True}"
149,1.7048054937765142,24,"{'bsl_options': {'method': 'sgd', 'n_epochs': 10}, 'k': 5, 'sim_options': {'name': 'msd', 'min_support': 1, 'user_based': False}}",5,"{'method': 'sgd', 'n_epochs': 10}","{'name': 'msd', 'min_support': 1, 'user_based': False}"
150,1.8073459388210804,247,"{'bsl_options': {'method': 'sgd', 'n_epochs': 10}, 'k': 5, 'sim_options': {'name': 'msd', 'min_support': 3, 'user_based': True}}",5,"{'method': 'sgd', 'n_epochs': 10}","{'name': 'msd', 'min_support': 3, 'user_based': True}"
151,1.724189776892147,108,"{'bsl_options': {'method': 'sgd', 'n_epochs': 10}, 'k': 5, 'sim_options': {'name': 'msd', 'min_support': 3, 'user_based': False}}",5,"{'method': 'sgd', 'n_epochs': 10}","{'name': 'msd', 'min_support': 3, 'user_based': False}"
152,1.774512081781605,204,"{'bsl_options': {'method': 'sgd', 'n_epochs': 10}, 'k': 5, 'sim_options': {'name': 'pearson', 'min_support': 1, 'user_based': True}}",5,"{'method': 'sgd', 'n_epochs': 10}","{'name': 'pearson', 'min_support': 1, 'user_based': True}"
153,1.7180279601344193,77,"{'bsl_options': {'method': 'sgd', 'n_epochs': 10}, 'k': 5, 'sim_options': {'name': 'pearson', 'min_support': 1, 'user_based': False}}",5,"{'method': 'sgd', 'n_epochs': 10}","{'name': 'pearson', 'min_support': 1, 'user_based': False}"
154,1.7525552767709784,179,"{'bsl_options': {'method': 'sgd', 'n_epochs': 10}, 'k': 5, 'sim_options': {'name': 'pearson', 'min_support': 3, 'user_based': True}}",5,"{'method': 'sgd', 'n_epochs': 10}","{'name': 'pearson', 'min_support': 3, 'user_based': True}"
155,1.7180025954081175,53,"{'bsl_options': {'method': 'sgd', 'n_epochs': 10}, 'k': 5, 'sim_options': {'name': 'pearson', 'min_support': 3, 'user_based': False}}",5,"{'method': 'sgd', 'n_epochs': 10}","{'name': 'pearson', 'min_support': 3, 'user_based': False}"
156,1.7796154294655082,220,"{'bsl_options': {'method': 'sgd', 'n_epochs': 10}, 'k': 5, 'sim_options': {'name': 'pearson_baseline', 'min_support': 1, 'user_based': True}}",5,"{'method': 'sgd', 'n_epochs': 10}","{'name': 'pearson_baseline', 'min_support': 1, 'user_based': True}"
157,1.7243174848435883,119,"{'bsl_options': {'method': 'sgd', 'n_epochs': 10}, 'k': 5, 'sim_options': {'name': 'pearson_baseline', 'min_support': 1, 'user_based': False}}",5,"{'method': 'sgd', 'n_epochs': 10}","{'name': 'pearson_baseline', 'min_support': 1, 'user_based': False}"
158,1.7590372049130791,161,"{'bsl_options': {'method': 'sgd', 'n_epochs': 10}, 'k': 5, 'sim_options': {'name': 'pearson_baseline', 'min_support': 3, 'user_based': True}}",5,"{'method': 'sgd', 'n_epochs': 10}","{'name': 'pearson_baseline', 'min_support': 3, 'user_based': True}"
159,1.717694978629655,71,"{'bsl_options': {'method': 'sgd', 'n_epochs': 10}, 'k': 5, 'sim_options': {'name': 'pearson_baseline', 'min_support': 3, 'user_based': False}}",5,"{'method': 'sgd', 'n_epochs': 10}","{'name': 'pearson_baseline', 'min_support': 3, 'user_based': False}"
160,1.7024821143151327,29,"{'bsl_options': {'method': 'sgd', 'n_epochs': 10}, 'k': 10, 'sim_options': {'name': 'cosine', 'min_support': 1, 'user_based': True}}",10,"{'method': 'sgd', 'n_epochs': 10}","{'name': 'cosine', 'min_support': 1, 'user_based': True}"
161,1.6681530032899368,5,"{'bsl_options': {'method': 'sgd', 'n_epochs': 10}, 'k': 10, 'sim_options': {'name': 'cosine', 'min_support': 1, 'user_based': False}}",10,"{'method': 'sgd', 'n_epochs': 10}","{'name': 'cosine', 'min_support': 1, 'user_based': False}"
162,1.8021653781218172,231,"{'bsl_options': {'method': 'sgd', 'n_epochs': 10}, 'k': 10, 'sim_options': {'name': 'cosine', 'min_support': 3, 'user_based': True}}",10,"{'method': 'sgd', 'n_epochs': 10}","{'name': 'cosine', 'min_support': 3, 'user_based': True}"
163,1.7149996314827232,38,"{'bsl_options': {'method': 'sgd', 'n_epochs': 10}, 'k': 10, 'sim_options': {'name': 'cosine', 'min_support': 3, 'user_based': False}}",10,"{'method': 'sgd', 'n_epochs': 10}","{'name': 'cosine', 'min_support': 3, 'user_based': False}"
164,1.7203593666338548,122,"{'bsl_options': {'method': 'sgd', 'n_epochs': 10}, 'k': 10, 'sim_options': {'name': 'msd', 'min_support': 1, 'user_based': True}}",10,"{'method': 'sgd', 'n_epochs': 10}","{'name': 'msd', 'min_support': 1, 'user_based': True}"
165,1.6902090361977806,13,"{'bsl_options': {'method': 'sgd', 'n_epochs': 10}, 'k': 10, 'sim_options': {'name': 'msd', 'min_support': 1, 'user_based': False}}",10,"{'method': 'sgd', 'n_epochs': 10}","{'name': 'msd', 'min_support': 1, 'user_based': False}"
166,1.8066438129556517,244,"{'bsl_options': {'method': 'sgd', 'n_epochs': 10}, 'k': 10, 'sim_options': {'name': 'msd', 'min_support': 3, 'user_based': True}}",10,"{'method': 'sgd', 'n_epochs': 10}","{'name': 'msd', 'min_support': 3, 'user_based': True}"
167,1.7229986412207814,98,"{'bsl_options': {'method': 'sgd', 'n_epochs': 10}, 'k': 10, 'sim_options': {'name': 'msd', 'min_support': 3, 'user_based': False}}",10,"{'method': 'sgd', 'n_epochs': 10}","{'name': 'msd', 'min_support': 3, 'user_based': False}"
168,1.7738197741887691,196,"{'bsl_options': {'method': 'sgd', 'n_epochs': 10}, 'k': 10, 'sim_options': {'name': 'pearson', 'min_support': 1, 'user_based': True}}",10,"{'method': 'sgd', 'n_epochs': 10}","{'name': 'pearson', 'min_support': 1, 'user_based': True}"
169,1.7166742383373137,60,"{'bsl_options': {'method': 'sgd', 'n_epochs': 10}, 'k': 10, 'sim_options': {'name': 'pearson', 'min_support': 1, 'user_based': False}}",10,"{'method': 'sgd', 'n_epochs': 10}","{'name': 'pearson', 'min_support': 1, 'user_based': False}"
170,1.7524842180626443,169,"{'bsl_options': {'method': 'sgd', 'n_epochs': 10}, 'k': 10, 'sim_options': {'name': 'pearson', 'min_support': 3, 'user_based': True}}",10,"{'method': 'sgd', 'n_epochs': 10}","{'name': 'pearson', 'min_support': 3, 'user_based': True}"
171,1.717231579885115,50,"{'bsl_options': {'method': 'sgd', 'n_epochs': 10}, 'k': 10, 'sim_options': {'name': 'pearson', 'min_support': 3, 'user_based': False}}",10,"{'method': 'sgd', 'n_epochs': 10}","{'name': 'pearson', 'min_support': 3, 'user_based': False}"
172,1.7784114124683543,216,"{'bsl_options': {'method': 'sgd', 'n_epochs': 10}, 'k': 10, 'sim_options': {'name': 'pearson_baseline', 'min_support': 1, 'user_based': True}}",10,"{'method': 'sgd', 'n_epochs': 10}","{'name': 'pearson_baseline', 'min_support': 1, 'user_based': True}"
173,1.7217936832278151,106,"{'bsl_options': {'method': 'sgd', 'n_epochs': 10}, 'k': 10, 'sim_options': {'name': 'pearson_baseline', 'min_support': 1, 'user_based': False}}",10,"{'method': 'sgd', 'n_epochs': 10}","{'name': 'pearson_baseline', 'min_support': 1, 'user_based': False}"
174,1.758505581476681,160,"{'bsl_options': {'method': 'sgd', 'n_epochs': 10}, 'k': 10, 'sim_options': {'name': 'pearson_baseline', 'min_support': 3, 'user_based': True}}",10,"{'method': 'sgd', 'n_epochs': 10}","{'name': 'pearson_baseline', 'min_support': 3, 'user_based': True}"
175,1.7172555161816159,70,"{'bsl_options': {'method': 'sgd', 'n_epochs': 10}, 'k': 10, 'sim_options': {'name': 'pearson_baseline', 'min_support': 3, 'user_based': False}}",10,"{'method': 'sgd', 'n_epochs': 10}","{'name': 'pearson_baseline', 'min_support': 3, 'user_based': False}"
176,1.6973726604748158,25,"{'bsl_options': {'method': 'sgd', 'n_epochs': 10}, 'k': 20, 'sim_options': {'name': 'cosine', 'min_support': 1, 'user_based': True}}",20,"{'method': 'sgd', 'n_epochs': 10}","{'name': 'cosine', 'min_support': 1, 'user_based': True}"
177,1.6630155712657424,1,"{'bsl_options': {'method': 'sgd', 'n_epochs': 10}, 'k': 20, 'sim_options': {'name': 'cosine', 'min_support': 1, 'user_based': False}}",20,"{'method': 'sgd', 'n_epochs': 10}","{'name': 'cosine', 'min_support': 1, 'user_based': False}"
178,1.8018189897166528,225,"{'bsl_options': {'method': 'sgd', 'n_epochs': 10}, 'k': 20, 'sim_options': {'name': 'cosine', 'min_support': 3, 'user_based': True}}",20,"{'method': 'sgd', 'n_epochs': 10}","{'name': 'cosine', 'min_support': 3, 'user_based': True}"
179,1.7149359045534347,33,"{'bsl_options': {'method': 'sgd', 'n_epochs': 10}, 'k': 20, 'sim_options': {'name': 'cosine', 'min_support': 3, 'user_based': False}}",20,"{'method': 'sgd', 'n_epochs': 10}","{'name': 'cosine', 'min_support': 3, 'user_based': False}"
180,1.717903476768997,102,"{'bsl_options': {'method': 'sgd', 'n_epochs': 10}, 'k': 20, 'sim_options': {'name': 'msd', 'min_support': 1, 'user_based': True}}",20,"{'method': 'sgd', 'n_epochs': 10}","{'name': 'msd', 'min_support': 1, 'user_based': True}"
181,1.688743059540179,11,"{'bsl_options': {'method': 'sgd', 'n_epochs': 10}, 'k': 20, 'sim_options': {'name': 'msd', 'min_support': 1, 'user_based': False}}",20,"{'method': 'sgd', 'n_epochs': 10}","{'name': 'msd', 'min_support': 1, 'user_based': False}"
182,1.8064752338058911,238,"{'bsl_options': {'method': 'sgd', 'n_epochs': 10}, 'k': 20, 'sim_options': {'name': 'msd', 'min_support': 3, 'user_based': True}}",20,"{'method': 'sgd', 'n_epochs': 10}","{'name': 'msd', 'min_support': 3, 'user_based': True}"
183,1.7227450483582036,93,"{'bsl_options': {'method': 'sgd', 'n_epochs': 10}, 'k': 20, 'sim_options': {'name': 'msd', 'min_support': 3, 'user_based': False}}",20,"{'method': 'sgd', 'n_epochs': 10}","{'name': 'msd', 'min_support': 3, 'user_based': False}"
184,1.7738360374094932,198,"{'bsl_options': {'method': 'sgd', 'n_epochs': 10}, 'k': 20, 'sim_options': {'name': 'pearson', 'min_support': 1, 'user_based': True}}",20,"{'method': 'sgd', 'n_epochs': 10}","{'name': 'pearson', 'min_support': 1, 'user_based': True}"
185,1.7164389870977768,59,"{'bsl_options': {'method': 'sgd', 'n_epochs': 10}, 'k': 20, 'sim_options': {'name': 'pearson', 'min_support': 1, 'user_based': False}}",20,"{'method': 'sgd', 'n_epochs': 10}","{'name': 'pearson', 'min_support': 1, 'user_based': False}"
186,1.7524062884458786,172,"{'bsl_options': {'method': 'sgd', 'n_epochs': 10}, 'k': 20, 'sim_options': {'name': 'pearson', 'min_support': 3, 'user_based': True}}",20,"{'method': 'sgd', 'n_epochs': 10}","{'name': 'pearson', 'min_support': 3, 'user_based': True}"
187,1.7172594810808577,43,"{'bsl_options': {'method': 'sgd', 'n_epochs': 10}, 'k': 20, 'sim_options': {'name': 'pearson', 'min_support': 3, 'user_based': False}}",20,"{'method': 'sgd', 'n_epochs': 10}","{'name': 'pearson', 'min_support': 3, 'user_based': False}"
188,1.7783349042192982,215,"{'bsl_options': {'method': 'sgd', 'n_epochs': 10}, 'k': 20, 'sim_options': {'name': 'pearson_baseline', 'min_support': 1, 'user_based': True}}",20,"{'method': 'sgd', 'n_epochs': 10}","{'name': 'pearson_baseline', 'min_support': 1, 'user_based': True}"
189,1.721667045428575,101,"{'bsl_options': {'method': 'sgd', 'n_epochs': 10}, 'k': 20, 'sim_options': {'name': 'pearson_baseline', 'min_support': 1, 'user_based': False}}",20,"{'method': 'sgd', 'n_epochs': 10}","{'name': 'pearson_baseline', 'min_support': 1, 'user_based': False}"
190,1.7584314982100298,159,"{'bsl_options': {'method': 'sgd', 'n_epochs': 10}, 'k': 20, 'sim_options': {'name': 'pearson_baseline', 'min_support': 3, 'user_based': True}}",20,"{'method': 'sgd', 'n_epochs': 10}","{'name': 'pearson_baseline', 'min_support': 3, 'user_based': True}"
191,1.7172747714314909,69,"{'bsl_options': {'method': 'sgd', 'n_epochs': 10}, 'k': 20, 'sim_options': {'name': 'pearson_baseline', 'min_support': 3, 'user_based': False}}",20,"{'method': 'sgd', 'n_epochs': 10}","{'name': 'pearson_baseline', 'min_support': 3, 'user_based': False}"
192,1.7674407661507894,185,"{'bsl_options': {'method': 'sgd', 'n_epochs': 20}, 'k': 3, 'sim_options': {'name': 'cosine', 'min_support': 1, 'user_based': True}}",3,"{'method': 'sgd', 'n_epochs': 20}","{'name': 'cosine', 'min_support': 1, 'user_based': True}"
193,1.73222429856297,131,"{'bsl_options': {'method': 'sgd', 'n_epochs': 20}, 'k': 3, 'sim_options': {'name': 'cosine', 'min_support': 1, 'user_based': False}}",3,"{'method': 'sgd', 'n_epochs': 20}","{'name': 'cosine', 'min_support': 1, 'user_based': False}"
194,1.8070578793796364,250,"{'bsl_options': {'method': 'sgd', 'n_epochs': 20}, 'k': 3, 'sim_options': {'name': 'cosine', 'min_support': 3, 'user_based': True}}",3,"{'method': 'sgd', 'n_epochs': 20}","{'name': 'cosine', 'min_support': 3, 'user_based': True}"
195,1.7237833950125494,118,"{'bsl_options': {'method': 'sgd', 'n_epochs': 20}, 'k': 3, 'sim_options': {'name': 'cosine', 'min_support': 3, 'user_based': False}}",3,"{'method': 'sgd', 'n_epochs': 20}","{'name': 'cosine', 'min_support': 3, 'user_based': False}"
196,1.7634036589059374,191,"{'bsl_options': {'method': 'sgd', 'n_epochs': 20}, 'k': 3, 'sim_options': {'name': 'msd', 'min_support': 1, 'user_based': True}}",3,"{'method': 'sgd', 'n_epochs': 20}","{'name': 'msd', 'min_support': 1, 'user_based': True}"
197,1.7384387898665274,147,"{'bsl_options': {'method': 'sgd', 'n_epochs': 20}, 'k': 3, 'sim_options': {'name': 'msd', 'min_support': 1, 'user_based': False}}",3,"{'method': 'sgd', 'n_epochs': 20}","{'name': 'msd', 'min_support': 1, 'user_based': False}"
198,1.8121068562559255,253,"{'bsl_options': {'method': 'sgd', 'n_epochs': 20}, 'k': 3, 'sim_options': {'name': 'msd', 'min_support': 3, 'user_based': True}}",3,"{'method': 'sgd', 'n_epochs': 20}","{'name': 'msd', 'min_support': 3, 'user_based': True}"
199,1.73042526850261,138,"{'bsl_options': {'method': 'sgd', 'n_epochs': 20}, 'k': 3, 'sim_options': {'name': 'msd', 'min_support': 3, 'user_based': False}}",3,"{'method': 'sgd', 'n_epochs': 20}","{'name': 'msd', 'min_support': 3, 'user_based': False}"
200,1.776364023257506,207,"{'bsl_options': {'method': 'sgd', 'n_epochs': 20}, 'k': 3, 'sim_options': {'name': 'pearson', 'min_support': 1, 'user_based': True}}",3,"{'method': 'sgd', 'n_epochs': 20}","{'name': 'pearson', 'min_support': 1, 'user_based': True}"
201,1.7268177908929396,128,"{'bsl_options': {'method': 'sgd', 'n_epochs': 20}, 'k': 3, 'sim_options': {'name': 'pearson', 'min_support': 1, 'user_based': False}}",3,"{'method': 'sgd', 'n_epochs': 20}","{'name': 'pearson', 'min_support': 1, 'user_based': False}"
202,1.7544950629369571,182,"{'bsl_options': {'method': 'sgd', 'n_epochs': 20}, 'k': 3, 'sim_options': {'name': 'pearson', 'min_support': 3, 'user_based': True}}",3,"{'method': 'sgd', 'n_epochs': 20}","{'name': 'pearson', 'min_support': 3, 'user_based': True}"
203,1.7205222908280555,82,"{'bsl_options': {'method': 'sgd', 'n_epochs': 20}, 'k': 3, 'sim_options': {'name': 'pearson', 'min_support': 3, 'user_based': False}}",3,"{'method': 'sgd', 'n_epochs': 20}","{'name': 'pearson', 'min_support': 3, 'user_based': False}"
204,1.7832773939507258,221,"{'bsl_options': {'method': 'sgd', 'n_epochs': 20}, 'k': 3, 'sim_options': {'name': 'pearson_baseline', 'min_support': 1, 'user_based': True}}",3,"{'method': 'sgd', 'n_epochs': 20}","{'name': 'pearson_baseline', 'min_support': 1, 'user_based': True}"
205,1.7375648746027192,143,"{'bsl_options': {'method': 'sgd', 'n_epochs': 20}, 'k': 3, 'sim_options': {'name': 'pearson_baseline', 'min_support': 1, 'user_based': False}}",3,"{'method': 'sgd', 'n_epochs': 20}","{'name': 'pearson_baseline', 'min_support': 1, 'user_based': False}"
206,1.7605467500085334,180,"{'bsl_options': {'method': 'sgd', 'n_epochs': 20}, 'k': 3, 'sim_options': {'name': 'pearson_baseline', 'min_support': 3, 'user_based': True}}",3,"{'method': 'sgd', 'n_epochs': 20}","{'name': 'pearson_baseline', 'min_support': 3, 'user_based': True}"
207,1.7189495310447025,68,"{'bsl_options': {'method': 'sgd', 'n_epochs': 20}, 'k': 3, 'sim_options': {'name': 'pearson_baseline', 'min_support': 3, 'user_based': False}}",3,"{'method': 'sgd', 'n_epochs': 20}","{'name': 'pearson_baseline', 'min_support': 3, 'user_based': False}"
208,1.724785856054999,134,"{'bsl_options': {'method': 'sgd', 'n_epochs': 20}, 'k': 5, 'sim_options': {'name': 'cosine', 'min_support': 1, 'user_based': True}}",5,"{'method': 'sgd', 'n_epochs': 20}","{'name': 'cosine', 'min_support': 1, 'user_based': True}"
209,1.6904179308997962,19,"{'bsl_options': {'method': 'sgd', 'n_epochs': 20}, 'k': 5, 'sim_options': {'name': 'cosine', 'min_support': 1, 'user_based': False}}",5,"{'method': 'sgd', 'n_epochs': 20}","{'name': 'cosine', 'min_support': 1, 'user_based': False}"
210,1.8027919110386923,236,"{'bsl_options': {'method': 'sgd', 'n_epochs': 20}, 'k': 5, 'sim_options': {'name': 'cosine', 'min_support': 3, 'user_based': True}}",5,"{'method': 'sgd', 'n_epochs': 20}","{'name': 'cosine', 'min_support': 3, 'user_based': True}"
211,1.7172335966335293,66,"{'bsl_options': {'method': 'sgd', 'n_epochs': 20}, 'k': 5, 'sim_options': {'name': 'cosine', 'min_support': 3, 'user_based': False}}",5,"{'method': 'sgd', 'n_epochs': 20}","{'name': 'cosine', 'min_support': 3, 'user_based': False}"
212,1.7337672405576552,150,"{'bsl_options': {'method': 'sgd', 'n_epochs': 20}, 'k': 5, 'sim_options': {'name': 'msd', 'min_support': 1, 'user_based': True}}",5,"{'method': 'sgd', 'n_epochs': 20}","{'name': 'msd', 'min_support': 1, 'user_based': True}"
213,1.7048054937765142,22,"{'bsl_options': {'method': 'sgd', 'n_epochs': 20}, 'k': 5, 'sim_options': {'name': 'msd', 'min_support': 1, 'user_based': False}}",5,"{'method': 'sgd', 'n_epochs': 20}","{'name': 'msd', 'min_support': 1, 'user_based': False}"
214,1.8073459388210804,245,"{'bsl_options': {'method': 'sgd', 'n_epochs': 20}, 'k': 5, 'sim_options': {'name': 'msd', 'min_support': 3, 'user_based': True}}",5,"{'method': 'sgd', 'n_epochs': 20}","{'name': 'msd', 'min_support': 3, 'user_based': True}"
215,1.724189776892147,107,"{'bsl_options': {'method': 'sgd', 'n_epochs': 20}, 'k': 5, 'sim_options': {'name': 'msd', 'min_support': 3, 'user_based': False}}",5,"{'method': 'sgd', 'n_epochs': 20}","{'name': 'msd', 'min_support': 3, 'user_based': False}"
216,1.774512081781605,203,"{'bsl_options': {'method': 'sgd', 'n_epochs': 20}, 'k': 5, 'sim_options': {'name': 'pearson', 'min_support': 1, 'user_based': True}}",5,"{'method': 'sgd', 'n_epochs': 20}","{'name': 'pearson', 'min_support': 1, 'user_based': True}"
217,1.7180279601344193,78,"{'bsl_options': {'method': 'sgd', 'n_epochs': 20}, 'k': 5, 'sim_options': {'name': 'pearson', 'min_support': 1, 'user_based': False}}",5,"{'method': 'sgd', 'n_epochs': 20}","{'name': 'pearson', 'min_support': 1, 'user_based': False}"
218,1.7525552767709784,176,"{'bsl_options': {'method': 'sgd', 'n_epochs': 20}, 'k': 5, 'sim_options': {'name': 'pearson', 'min_support': 3, 'user_based': True}}",5,"{'method': 'sgd', 'n_epochs': 20}","{'name': 'pearson', 'min_support': 3, 'user_based': True}"
219,1.7180025954081175,55,"{'bsl_options': {'method': 'sgd', 'n_epochs': 20}, 'k': 5, 'sim_options': {'name': 'pearson', 'min_support': 3, 'user_based': False}}",5,"{'method': 'sgd', 'n_epochs': 20}","{'name': 'pearson', 'min_support': 3, 'user_based': False}"
220,1.777891921219855,219,"{'bsl_options': {'method': 'sgd', 'n_epochs': 20}, 'k': 5, 'sim_options': {'name': 'pearson_baseline', 'min_support': 1, 'user_based': True}}",5,"{'method': 'sgd', 'n_epochs': 20}","{'name': 'pearson_baseline', 'min_support': 1, 'user_based': True}"
221,1.731113804473999,124,"{'bsl_options': {'method': 'sgd', 'n_epochs': 20}, 'k': 5, 'sim_options': {'name': 'pearson_baseline', 'min_support': 1, 'user_based': False}}",5,"{'method': 'sgd', 'n_epochs': 20}","{'name': 'pearson_baseline', 'min_support': 1, 'user_based': False}"
222,1.7584343507946456,166,"{'bsl_options': {'method': 'sgd', 'n_epochs': 20}, 'k': 5, 'sim_options': {'name': 'pearson_baseline', 'min_support': 3, 'user_based': True}}",5,"{'method': 'sgd', 'n_epochs': 20}","{'name': 'pearson_baseline', 'min_support': 3, 'user_based': True}"
223,1.7185521348244688,51,"{'bsl_options': {'method': 'sgd', 'n_epochs': 20}, 'k': 5, 'sim_options': {'name': 'pearson_baseline', 'min_support': 3, 'user_based': False}}",5,"{'method': 'sgd', 'n_epochs': 20}","{'name': 'pearson_baseline', 'min_support': 3, 'user_based': False}"
224,1.7024821143151327,32,"{'bsl_options': {'method': 'sgd', 'n_epochs': 20}, 'k': 10, 'sim_options': {'name': 'cosine', 'min_support': 1, 'user_based': True}}",10,"{'method': 'sgd', 'n_epochs': 20}","{'name': 'cosine', 'min_support': 1, 'user_based': True}"
225,1.6681530032899368,8,"{'bsl_options': {'method': 'sgd', 'n_epochs': 20}, 'k': 10, 'sim_options': {'name': 'cosine', 'min_support': 1, 'user_based': False}}",10,"{'method': 'sgd', 'n_epochs': 20}","{'name': 'cosine', 'min_support': 1, 'user_based': False}"
226,1.8021653781218172,232,"{'bsl_options': {'method': 'sgd', 'n_epochs': 20}, 'k': 10, 'sim_options': {'name': 'cosine', 'min_support': 3, 'user_based': True}}",10,"{'method': 'sgd', 'n_epochs': 20}","{'name': 'cosine', 'min_support': 3, 'user_based': True}"
227,1.7149996314827232,40,"{'bsl_options': {'method': 'sgd', 'n_epochs': 20}, 'k': 10, 'sim_options': {'name': 'cosine', 'min_support': 3, 'user_based': False}}",10,"{'method': 'sgd', 'n_epochs': 20}","{'name': 'cosine', 'min_support': 3, 'user_based': False}"
228,1.7203593666338548,123,"{'bsl_options': {'method': 'sgd', 'n_epochs': 20}, 'k': 10, 'sim_options': {'name': 'msd', 'min_support': 1, 'user_based': True}}",10,"{'method': 'sgd', 'n_epochs': 20}","{'name': 'msd', 'min_support': 1, 'user_based': True}"
229,1.6902090361977806,15,"{'bsl_options': {'method': 'sgd', 'n_epochs': 20}, 'k': 10, 'sim_options': {'name': 'msd', 'min_support': 1, 'user_based': False}}",10,"{'method': 'sgd', 'n_epochs': 20}","{'name': 'msd', 'min_support': 1, 'user_based': False}"
230,1.8066438129556517,242,"{'bsl_options': {'method': 'sgd', 'n_epochs': 20}, 'k': 10, 'sim_options': {'name': 'msd', 'min_support': 3, 'user_based': True}}",10,"{'method': 'sgd', 'n_epochs': 20}","{'name': 'msd', 'min_support': 3, 'user_based': True}"
231,1.7229986412207814,99,"{'bsl_options': {'method': 'sgd', 'n_epochs': 20}, 'k': 10, 'sim_options': {'name': 'msd', 'min_support': 3, 'user_based': False}}",10,"{'method': 'sgd', 'n_epochs': 20}","{'name': 'msd', 'min_support': 3, 'user_based': False}"
232,1.7738197741887691,193,"{'bsl_options': {'method': 'sgd', 'n_epochs': 20}, 'k': 10, 'sim_options': {'name': 'pearson', 'min_support': 1, 'user_based': True}}",10,"{'method': 'sgd', 'n_epochs': 20}","{'name': 'pearson', 'min_support': 1, 'user_based': True}"
233,1.7166742383373137,62,"{'bsl_options': {'method': 'sgd', 'n_epochs': 20}, 'k': 10, 'sim_options': {'name': 'pearson', 'min_support': 1, 'user_based': False}}",10,"{'method': 'sgd', 'n_epochs': 20}","{'name': 'pearson', 'min_support': 1, 'user_based': False}"
234,1.7524842180626443,170,"{'bsl_options': {'method': 'sgd', 'n_epochs': 20}, 'k': 10, 'sim_options': {'name': 'pearson', 'min_support': 3, 'user_based': True}}",10,"{'method': 'sgd', 'n_epochs': 20}","{'name': 'pearson', 'min_support': 3, 'user_based': True}"
235,1.717231579885115,48,"{'bsl_options': {'method': 'sgd', 'n_epochs': 20}, 'k': 10, 'sim_options': {'name': 'pearson', 'min_support': 3, 'user_based': False}}",10,"{'method': 'sgd', 'n_epochs': 20}","{'name': 'pearson', 'min_support': 3, 'user_based': False}"
236,1.7766296601031317,214,"{'bsl_options': {'method': 'sgd', 'n_epochs': 20}, 'k': 10, 'sim_options': {'name': 'pearson_baseline', 'min_support': 1, 'user_based': True}}",10,"{'method': 'sgd', 'n_epochs': 20}","{'name': 'pearson_baseline', 'min_support': 1, 'user_based': True}"
237,1.729041107022968,114,"{'bsl_options': {'method': 'sgd', 'n_epochs': 20}, 'k': 10, 'sim_options': {'name': 'pearson_baseline', 'min_support': 1, 'user_based': False}}",10,"{'method': 'sgd', 'n_epochs': 20}","{'name': 'pearson_baseline', 'min_support': 1, 'user_based': False}"
238,1.7579043447845035,165,"{'bsl_options': {'method': 'sgd', 'n_epochs': 20}, 'k': 10, 'sim_options': {'name': 'pearson_baseline', 'min_support': 3, 'user_based': True}}",10,"{'method': 'sgd', 'n_epochs': 20}","{'name': 'pearson_baseline', 'min_support': 3, 'user_based': True}"
239,1.7179455721393355,42,"{'bsl_options': {'method': 'sgd', 'n_epochs': 20}, 'k': 10, 'sim_options': {'name': 'pearson_baseline', 'min_support': 3, 'user_based': False}}",10,"{'method': 'sgd', 'n_epochs': 20}","{'name': 'pearson_baseline', 'min_support': 3, 'user_based': False}"
240,1.6973726604748158,26,"{'bsl_options': {'method': 'sgd', 'n_epochs': 20}, 'k': 20, 'sim_options': {'name': 'cosine', 'min_support': 1, 'user_based': True}}",20,"{'method': 'sgd', 'n_epochs': 20}","{'name': 'cosine', 'min_support': 1, 'user_based': True}"
241,1.6630155712657424,2,"{'bsl_options': {'method': 'sgd', 'n_epochs': 20}, 'k': 20, 'sim_options': {'name': 'cosine', 'min_support': 1, 'user_based': False}}",20,"{'method': 'sgd', 'n_epochs': 20}","{'name': 'cosine', 'min_support': 1, 'user_based': False}"
242,1.8018189897166528,226,"{'bsl_options': {'method': 'sgd', 'n_epochs': 20}, 'k': 20, 'sim_options': {'name': 'cosine', 'min_support': 3, 'user_based': True}}",20,"{'method': 'sgd', 'n_epochs': 20}","{'name': 'cosine', 'min_support': 3, 'user_based': True}"
243,1.7149359045534347,34,"{'bsl_options': {'method': 'sgd', 'n_epochs': 20}, 'k': 20, 'sim_options': {'name': 'cosine', 'min_support': 3, 'user_based': False}}",20,"{'method': 'sgd', 'n_epochs': 20}","{'name': 'cosine', 'min_support': 3, 'user_based': False}"
244,1.717903476768997,105,"{'bsl_options': {'method': 'sgd', 'n_epochs': 20}, 'k': 20, 'sim_options': {'name': 'msd', 'min_support': 1, 'user_based': True}}",20,"{'method': 'sgd', 'n_epochs': 20}","{'name': 'msd', 'min_support': 1, 'user_based': True}"
245,1.688743059540179,10,"{'bsl_options': {'method': 'sgd', 'n_epochs': 20}, 'k': 20, 'sim_options': {'name': 'msd', 'min_support': 1, 'user_based': False}}",20,"{'method': 'sgd', 'n_epochs': 20}","{'name': 'msd', 'min_support': 1, 'user_based': False}"
246,1.8064752338058911,237,"{'bsl_options': {'method': 'sgd', 'n_epochs': 20}, 'k': 20, 'sim_options': {'name': 'msd', 'min_support': 3, 'user_based': True}}",20,"{'method': 'sgd', 'n_epochs': 20}","{'name': 'msd', 'min_support': 3, 'user_based': True}"
247,1.7227450483582036,94,"{'bsl_options': {'method': 'sgd', 'n_epochs': 20}, 'k': 20, 'sim_options': {'name': 'msd', 'min_support': 3, 'user_based': False}}",20,"{'method': 'sgd', 'n_epochs': 20}","{'name': 'msd', 'min_support': 3, 'user_based': False}"
248,1.7738360374094932,197,"{'bsl_options': {'method': 'sgd', 'n_epochs': 20}, 'k': 20, 'sim_options': {'name': 'pearson', 'min_support': 1, 'user_based': True}}",20,"{'method': 'sgd', 'n_epochs': 20}","{'name': 'pearson', 'min_support': 1, 'user_based': True}"
249,1.7164389870977768,56,"{'bsl_options': {'method': 'sgd', 'n_epochs': 20}, 'k': 20, 'sim_options': {'name': 'pearson', 'min_support': 1, 'user_based': False}}",20,"{'method': 'sgd', 'n_epochs': 20}","{'name': 'pearson', 'min_support': 1, 'user_based': False}"
250,1.7524062884458786,174,"{'bsl_options': {'method': 'sgd', 'n_epochs': 20}, 'k': 20, 'sim_options': {'name': 'pearson', 'min_support': 3, 'user_based': True}}",20,"{'method': 'sgd', 'n_epochs': 20}","{'name': 'pearson', 'min_support': 3, 'user_based': True}"
251,1.7172594810808577,46,"{'bsl_options': {'method': 'sgd', 'n_epochs': 20}, 'k': 20, 'sim_options': {'name': 'pearson', 'min_support': 3, 'user_based': False}}",20,"{'method': 'sgd', 'n_epochs': 20}","{'name': 'pearson', 'min_support': 3, 'user_based': False}"
252,1.7765221836900782,213,"{'bsl_options': {'method': 'sgd', 'n_epochs': 20}, 'k': 20, 'sim_options': {'name': 'pearson_baseline', 'min_support': 1, 'user_based': True}}",20,"{'method': 'sgd', 'n_epochs': 20}","{'name': 'pearson_baseline', 'min_support': 1, 'user_based': True}"
253,1.7287385336209558,111,"{'bsl_options': {'method': 'sgd', 'n_epochs': 20}, 'k': 20, 'sim_options': {'name': 'pearson_baseline', 'min_support': 1, 'user_based': False}}",20,"{'method': 'sgd', 'n_epochs': 20}","{'name': 'pearson_baseline', 'min_support': 1, 'user_based': False}"
254,1.7578759183556971,164,"{'bsl_options': {'method': 'sgd', 'n_epochs': 20}, 'k': 20, 'sim_options': {'name': 'pearson_baseline', 'min_support': 3, 'user_based': True}}",20,"{'method': 'sgd', 'n_epochs': 20}","{'name': 'pearson_baseline', 'min_support': 3, 'user_based': True}"
255,1.7179157051764435,41,"{'bsl_options': {'method': 'sgd', 'n_epochs': 20}, 'k': 20, 'sim_options': {'name': 'pearson_baseline', 'min_support': 3, 'user_based': False}}",20,"{'method': 'sgd', 'n_epochs': 20}","{'name': 'pearson_baseline', 'min_support': 3, 'user_based': False}"
